{
    "metadata":{
        "normals":6,
        "type":"Geometry",
        "generator":"io_three",
        "vertices":8,
        "uvs":0,
        "version":3,
        "faces":6
    },
    "vertices":[-1.33672,-2.2024,1.14274,-1.33672,-0.202397,1.14274,-1.33672,-2.2024,-0.857256,-1.33672,-0.202397,-0.857256,0.663276,-2.2024,1.14274,0.663276,-0.202397,1.14274,0.663276,-2.2024,-0.857256,0.663276,-0.202397,-0.857256],
    "uvs":[],
    "normals":[-1,0,0,0,-2.98023e-08,-1,1,0,0,0,5.96047e-08,1,0,-1,1.19209e-07,0,1,-2.98023e-08],
    "faces":[33,0,1,3,2,0,0,0,0,33,2,3,7,6,1,1,1,1,33,6,7,5,4,2,2,2,2,33,1,0,4,5,3,3,3,3,33,4,0,2,6,4,4,4,4,33,7,3,1,5,5,5,5,5]
}