{
    "normals":[-1,0,0,0,-7.50116e-08,-1,1,0,0,0,7.50116e-08,1,0,1,-0,0,-1,4.37114e-08,0,6.67401e-08,1,0,-6.67401e-08,-1,-1,0,0,-0,0,-1,1,0,0,-0,0,1,0,5.90063e-08,1,0,-5.90063e-08,-1],
    "bones":[{
        "name":"Bone",
        "pos":[0,0.0268739,-0],
        "parent":-1,
        "rotq":[0,0,0,1]
    },{
        "name":"Bone.001",
        "pos":[0,0.477036,-0],
        "parent":0,
        "rotq":[0,0,0,1]
    },{
        "name":"Bone.002",
        "pos":[0,0.449483,-0],
        "parent":1,
        "rotq":[0,0,0,1]
    },{
        "name":"Bone.003",
        "pos":[0,0.442905,-0],
        "parent":2,
        "rotq":[0,0,0,1]
    }],
    "influencesPerVertex":2,
    "vertices":[-0.36079,1.79329,0.36079,-0.36079,1.79329,-0.36079,0.36079,1.79329,0.36079,0.36079,1.79329,-0.36079,-0.36079,1.57706e-08,0.36079,-0.36079,-1.57706e-08,-0.36079,0.36079,-1.57706e-08,-0.36079,0.36079,1.57706e-08,0.36079,-0.36079,1.39599,0.36079,-0.36079,1.39599,-0.36079,0.36079,1.39599,-0.36079,0.36079,1.39599,0.36079,-0.36079,0.949446,-0.36079,0.36079,0.949446,-0.36079,0.36079,0.949446,0.36079,-0.36079,0.949446,0.36079,-0.36079,0.50507,-0.36079,0.36079,0.50507,-0.36079,0.36079,0.50507,0.36079,-0.36079,0.50507,0.36079],
    "materials":[{
        "depthWrite":true,
        "shading":"phong",
        "DbgName":"Material.001",
        "depthTest":true,
        "colorEmissive":[0,0,0],
        "colorDiffuse":[0.128768,0.110355,0.887923],
        "visible":true,
        "wireframe":false,
        "doubleSided":false,
        "DbgColor":15658734,
        "specularCoef":50,
        "blending":2,
        "vertexColors":false,
        "colorSpecular":[0.5,0.5,0.5],
        "opacity":1,
        "DbgIndex":0,
        "transparent":false,
        "skinning": true
    }],
    "metadata":{
        "generator":"io_three",
        "bones":4,
        "vertices":20,
        "faces":18,
        "materials":1,
        "type":"Geometry",
        "colors":0,
        "uvs":0,
        "normals":14,
        "version":3
    },
    "colors":[],
    "uvs":[],
    "skinWeights":[0.959633,0.0307337,0.963403,0.0231941,0.963403,0.0231941,0.959633,0.0307337,0.963791,0.0224173,0.960239,0.0295218,0.963791,0.0224173,0.960239,0.0295218,0.497263,0.491025,0.496462,0.491717,0.497263,0.491025,0.496462,0.491717,0.725978,0.262992,0.730527,0.256721,0.725978,0.262992,0.730527,0.256721,0.843108,0.146257,0.847159,0.139569,0.843108,0.146257,0.847159,0.139569],
    "skinIndices":[3,0,3,0,3,0,3,0,0,3,0,3,0,3,0,3,0,3,3,0,0,3,3,0,0,3,0,3,0,3,0,3,0,3,0,3,0,3,0,3],
    "faces":[35,8,0,1,9,0,0,0,0,0,35,9,1,3,10,0,1,1,1,1,35,10,3,2,11,0,2,2,2,2,35,0,8,11,2,0,3,3,3,3,35,0,2,3,1,0,4,4,4,4,35,7,4,5,6,0,5,5,5,5,35,14,11,8,15,0,6,6,6,6,35,13,10,11,14,0,2,2,2,2,35,12,9,10,13,0,7,7,7,7,35,15,8,9,12,0,0,0,0,0,35,19,15,12,16,0,8,8,8,8,35,16,12,13,17,0,9,9,9,9,35,17,13,14,18,0,10,10,10,10,35,18,14,15,19,0,11,11,11,11,35,7,18,19,4,0,12,12,12,12,35,6,17,18,7,0,2,2,2,2,35,5,16,17,6,0,13,13,13,13,35,4,19,16,5,0,0,0,0,0]
}