{
    "faces":[35,8,1,3,9,0,0,0,0,0,35,9,3,7,10,0,1,1,1,1,35,10,7,5,11,0,2,2,2,2,35,11,5,1,8,0,3,3,3,3,35,4,0,2,6,0,4,4,4,4,35,7,3,1,5,0,5,5,5,5,35,0,4,13,14,0,6,6,6,6,35,6,10,24,25,0,7,7,7,7,35,10,6,18,19,0,8,8,8,8,35,8,9,22,23,0,9,9,9,9,35,13,12,15,14,0,10,10,10,10,35,4,11,12,13,0,2,2,2,2,35,11,8,15,12,0,11,11,11,11,35,8,0,14,15,0,12,12,12,12,35,17,16,19,18,0,7,7,7,7,35,6,2,17,18,0,13,13,13,13,35,9,10,19,16,0,14,14,14,14,35,2,9,16,17,0,15,15,15,15,35,21,23,22,20,0,15,15,15,15,35,2,0,21,20,0,4,4,4,4,35,9,2,20,22,0,16,16,16,16,35,0,8,23,21,0,17,17,17,17,35,25,24,27,26,0,18,18,18,18,35,10,11,27,24,0,11,11,11,11,35,11,4,26,27,0,19,19,19,19,35,4,6,25,26,0,4,4,4,4],
    "uvs":[],
    "colors":[],
    "vertices":[-1.33672,-2.2024,1.14274,-1.33672,-0.202397,1.14274,-1.33672,-2.2024,-0.857256,-1.33672,-0.202397,-0.857256,0.663276,-2.2024,1.14274,0.663276,-0.202397,1.14274,0.663276,-2.2024,-0.857256,0.663276,-0.202397,-0.857256,-1.33672,-1.94491,1.14274,-1.33672,-1.94491,-0.857256,0.663276,-1.94491,-0.857256,0.663276,-1.94491,1.14274,0.663276,-1.94491,1.53442,0.663276,-2.2024,1.53442,-1.33672,-2.2024,1.53442,-1.33672,-1.94491,1.53442,-1.33672,-1.94491,-1.43376,-1.33672,-2.2024,-1.43376,0.663276,-2.2024,-1.43376,0.663276,-1.94491,-1.43376,-1.76952,-2.2024,-0.857256,-1.76952,-2.2024,1.14274,-1.76952,-1.94491,-0.857256,-1.76952,-1.94491,1.14274,1.03818,-1.94491,-0.857256,1.03818,-2.2024,-0.857256,1.03818,-2.2024,1.14274,1.03818,-1.94491,1.14274],
    "normals":[-1,0,0,0,-3.42061e-08,-1,1,0,0,0,6.84122e-08,1,0,-1,1.19209e-07,0,1,-2.98023e-08,0,-1,-0,-0,0,-1,1,0,-0,-0,1,0,-0,0,1,0,1,0,-1,0,-0,0,-1,0,0,1,-0,-1,0,0,0,0,-1,-0,0,1,1,0,0,0,0,1],
    "materials":[{
        "depthWrite":true,
        "DbgName":"Material.001",
        "shading":"phong",
        "transparent":false,
        "DbgColor":15658734,
        "blending":1,
        "depthTest":true,
        "opacity":1,
        "visible":true,
        "doubleSided":false,
        "colorDiffuse":[0.887923,0.887923,0.814847],
        "colorEmissive":[0,0,0],
        "vertexColors":false,
        "colorSpecular":[0.5,0.5,0.5],
        "wireframe":false,
        "specularCoef":50,
        "DbgIndex":0
    }],
    "metadata":{
        "type":"Geometry",
        "uvs":0,
        "generator":"io_three",
        "faces":26,
        "version":3,
        "colors":0,
        "vertices":28,
        "normals":20,
        "materials":1
    }
}